id,dor_pesquisa,dor_exibicao,dor_curta,modulo,link,qtd_videoaulas,tempo_total,programacao,atividades
EXEMPLO_APAGAR_esta_linha,"Organizar os gastos, saber o custo do litro de leite para atuar no aumento do lucro.","Organizar os gastos, saber o custo do litro de leite para atuar no aumento do lucro",Gestão financeira e custos,Gestão financeira e econômica,https://rehagro.instructure.com/courses/2859,31,4h,4 semanas (1h por semana – 8 videoaulas por semana),Teste seu conhecimento (obrigatório para a aprovação) e Atividade prática (extra)
,,,,,,,,,
,,,,,,,,,
,,,,,,,,,
,,,,,,,,,
,,,,,,,,,
,,,,,,,,,
,,,,,,,,,
,,,,,,,,,
,,,,,,,,,
